motif,auc
ACTAC,0.9445663577548522
ACTGG,0.8720043741553444
ACTTC,0.9036936936936937
AGTAC,0.9283363446426415
AGTTC,0.9699145299145299
CATCA,0.8506911155739
CATCC,0.8778173619454624
CATCG,0.8613304329409621
CATCT,0.8308801665179898
CATGA,0.8488087459653769
CATGC,0.9549594510293199
CATGG,0.8700292513242154
CATGT,0.9203939786804956
CCTAC,0.9333393564319163
CCTGA,0.8277480557151532
CCTGC,0.9301201018431641
CCTGG,0.8990614048892503
CCTGT,0.8893716249386352
CCTTC,0.8398741917177546
CGTGA,0.8411775987725354
CGTGC,0.8171624207459872
CGTGG,0.8266967879374839
CTTCA,0.9261652688024199
CTTCC,0.8965977827389471
CTTCG,0.9085737802884236
CTTCT,0.8785286332765662
GATCA,0.8603083042197461
GATCC,0.8473426837526697
GATCG,0.8640157159986298
GATCT,0.9247638326585695
GATGA,0.9259259259259259
GATGT,0.9349198087120596
GCTAC,0.9092354263503408
GCTGA,0.8371336722488039
GCTGC,0.8562040054937171
GCTGG,0.79383757181782
GCTGT,0.879224348534202
GCTTC,0.9279015642884395
GGTAC,0.9684533780011167
GGTGA,0.8117491506427095
GGTGC,0.8428470911020264
GGTGG,0.80328342873376
GGTGT,0.8329985024844002
GGTTC,0.9444692608033882
GTTCA,0.8920732572386665
GTTCC,0.8698541479426362
GTTCG,0.9112443947680067
GTTCT,0.95
TCTAC,0.8594037541405963
TCTGC,0.9027293844367016
TCTTC,0.8952293679703371
TGTAC,0.8937390238440414
TGTGC,0.7558907053496048
TGTTC,0.8911779075827325
