motif,auc
ACTAC,0.943363009968508
ACTGG,0.8499261288436085
ACTTC,0.945299431247909
AGTAC,0.9366487922076043
AGTTC,0.9955947136563877
CATCA,0.879101787342503
CATCC,0.9110025270473031
CATCG,0.8763006873093265
CATCT,0.8807269933830333
CATGA,0.8845787469099518
CATGC,0.9353448275862069
CATGG,0.8724863346873276
CATGT,0.9635118153676403
CCTAC,0.8992322291235335
CCTGA,0.8695407329290799
CCTGC,0.9419988545998345
CCTGG,0.9217830266775933
CCTGT,0.9459998540536596
CCTTC,0.8398642996561019
CGTGA,0.8736457811194653
CGTGC,0.8507669627301193
CGTGG,0.850614348493887
CTTCA,0.9462735923608252
CTTCC,0.9153010978366161
CTTCG,0.9207195633336313
CTTCT,0.8979981875639
GATCA,0.8937142829894215
GATCC,0.8749797063953753
GATCG,0.9040891556490724
GATCT,0.9582480866863682
GATGA,0.9619921363040629
GATGT,0.9389355742296919
GCTAC,0.9357009744794216
GCTGA,0.8866853156205421
GCTGC,0.8735255177714343
GCTGG,0.8392637005879725
GCTGT,0.8776678717279238
GCTTC,0.9605707004859548
GGTAC,0.9716981132075472
GGTGA,0.8728360226501561
GGTGC,0.8774045860264696
GGTGG,0.8680324942644401
GGTGT,0.8797753172753172
GGTTC,0.935802967449973
GTTCA,0.918060230863481
GTTCC,0.9233477710009133
GTTCG,0.9174915635545557
GTTCT,0.9573367808661927
TCTAC,0.8852380952380953
TCTGC,0.9017131242740999
TCTTC,0.9177131609027874
TGTAC,0.926490811351419
TGTGC,0.8400582319780288
TGTTC,0.923244841874745
