motif,auc
ACTAC,0.9504622555914207
ACTGG,0.8743632768023012
ACTTC,0.9112061618030199
AGTAC,0.9423880706203668
AGTTC,0.9516129032258065
CATCA,0.8685635762413675
CATCC,0.9104724207183225
CATCG,0.8559431067044381
CATCT,0.8413798110491161
CATGA,0.8392662681541625
CATGC,0.852905569007264
CATGG,0.9092197437551848
CATGT,0.9129306766293068
CCTAC,0.8889517478726162
CCTGA,0.8335542829159758
CCTGC,0.9281337281622467
CCTGG,0.892335842453197
CCTGT,0.9280419135844516
CCTTC,0.8142787217677085
CGTGA,0.8611784069181296
CGTGC,0.8055417733674777
CGTGG,0.8118180313136965
CTTCA,0.9213985465944714
CTTCC,0.8755847498176649
CTTCG,0.8978140667722625
CTTCT,0.8540244514556146
GATCA,0.8659648207433566
GATCC,0.8762034710164293
GATCG,0.884869134576435
GATCT,0.9076839826839826
GATGA,0.854112554112554
GATGT,0.9279641544117647
GCTAC,0.9060311224110718
GCTGA,0.8213074418169144
GCTGC,0.8533870150772299
GCTGG,0.7826776488701155
GCTGT,0.8328734641795363
GCTTC,0.9235028756290439
GGTAC,0.9247538355850697
GGTGA,0.8589658965896589
GGTGC,0.8565580399997879
GGTGG,0.8277083311225952
GGTGT,0.8861230219838573
GGTTC,0.9083913831968949
GTTCA,0.9067231175941706
GTTCC,0.8421950179669895
GTTCG,0.8836535258850401
GTTCT,0.9259259259259259
TCTAC,0.8909090909090909
TCTGC,0.9036106750392465
TCTTC,0.8970197359677783
TGTAC,0.9055561374109762
TGTGC,0.775802671192742
TGTTC,0.8771416379332473
